"Table 2: E-5 City/County Population and Housing Estimates, 1/1/2017",,,,,,,,,,,,
,,,,,,,,,,,,
,POPULATION,,, HOUSING UNITS,,,,,,,,
County / City,Total,Household,Group Quarters,Total,Single Detached,Single Attached,Two to Four,Five Plus,Mobile Homes,Occupied,Vacancy Rate,Persons per Household
Alameda County,,,,,,,,,,,,
Alameda             ,"78,945","77,412","1,533","32,863","13,957","3,405","5,834","9,540",127,"30,580",6.9%,2.53
Albany              ,"18,861","16,379","2,482","6,742","4,239",229,817,"1,432",25,"6,375",5.4%,2.57
Berkeley            ,"121,328","107,151","14,177","50,419","20,962","2,075","10,015","17,149",218,"46,914",7.0%,2.28
Dublin              ,"59,500","56,087","3,413","20,931","11,276","2,750",604,"6,247",54,"19,703",5.9%,2.85
Emeryville          ,"11,883","11,810",73,"7,169",419,401,753,"5,560",36,"6,375",11.1%,1.85
Fremont             ,"230,525","228,874","1,651","75,763","44,154","10,050","2,461","18,372",726,"72,569",4.2%,3.15
Hayward             ,"158,290","154,940","3,350","49,665","25,695","4,833","2,935","13,880","2,322","47,136",5.1%,3.29
Livermore           ,"89,517","89,007",510,"31,848","22,295","2,583","1,591","4,837",542,"30,576",4.0%,2.91
Newark              ,"45,479","45,334",145,"13,607","9,665","1,381",580,"1,981",0,"13,149",3.4%,3.45
Oakland             ,"430,482","422,767","7,715","171,636","74,232","6,931","32,669","57,249",555,"161,217",6.1%,2.62
Piedmont            ,"11,368","11,365",3,"3,945","3,721",50,95,79,0,"3,842",2.6%,2.96
Pleasanton          ,"77,097","76,533",564,"27,176","17,114","2,680","1,566","5,436",380,"26,247",3.4%,2.92
San Leandro         ,"89,630","88,980",650,"32,510","19,463","1,982","1,895","8,280",890,"30,759",5.4%,2.89
Union City          ,"74,100","73,582",518,"21,499","13,694","2,846",786,"3,157","1,016","20,671",3.9%,3.56
,,,,,,,,,,, ,
Balance Of County    ,"149,151","146,797","2,354","51,164","34,509","4,137","3,120","8,431",967,"48,644",4.9%,3.02
Incorporated,"1,497,005","1,460,221","36,784","545,773","280,886","42,196","62,601","153,199","6,891","516,113",5.4%,2.83
 ,,,,,,,,,,, ,
County Total,"1,646,156","1,607,018","39,138","596,937","315,395","46,333","65,721","161,630","7,858","564,757",5.4%,2.85
,,,,,,,,,,, ,
,,,,,,,,,,, ,
Alpine County,,,,,,,,,,, ,
County Total,"1,163","1,139",24,"1,780","1,052",18,45,631,34,512,71.2%,2.23
,,,,,,,,,,, ,
,,,,,,,,,,, ,
Amador County,,,,,,,,,,, ,
Amador              ,184,184,0,110,92,12,6,0,0,85,22.7%,2.17
Ione                ,"7,523","3,966","3,557","1,759","1,571",31,0,104,53,"1,578",10.3%,2.51
Jackson             ,"4,661","4,448",213,"2,322","1,440",134,288,252,208,"2,110",9.1%,2.11
Plymouth            ,972,963,9,485,275,30,16,25,139,396,18.4%,2.43
Sutter Creek        ,"2,476","2,475",1,"1,384",802,93,136,243,110,"1,177",15.0%,2.10
,,,,,,,,,,, ,
Balance Of County    ,"21,395","21,250",145,"12,129","10,725",270,159,66,909,"9,336",23.0%,2.28
Incorporated,"15,816","12,036","3,780","6,060","4,180",300,446,624,510,"5,346",11.8%,2.25
 ,,,,,,,,,,, ,
County Total,"37,211","33,286","3,925","18,189","14,905",570,605,690,"1,419","14,682",19.3%,2.27
,,,,,,,,,,, ,
,,,,,,,,,,, ,
Butte County,,,,,,,,,,, ,
Biggs               ,"1,889","1,889",0,691,635,35,0,4,17,629,9.0%,3.00
Chico               ,"92,022","88,326","3,696","39,341","20,989","1,648","6,025","8,670","2,009","37,270",5.3%,2.37
Gridley             ,"6,900","6,788",112,"2,501","2,020",133,171,99,78,"2,304",7.9%,2.95
Oroville            ,"17,893","16,980",913,"7,319","3,876",801,845,"1,298",499,"6,580",10.1%,2.58
Paradise            ,"26,168","25,760",408,"13,064","9,034",353,"1,134",406,"2,137","11,944",8.6%,2.16
,,,,,,,,,,, ,
Balance Of County    ,"81,874","81,514",360,"35,955","25,135",142,801,378,"9,499","31,992",11.0%,2.55
Incorporated,"144,872","139,743","5,129","62,916","36,554","2,970","8,175","10,477","4,740","58,727",6.7%,2.38
 ,,,,,,,,,,, ,
County Total,"226,746","221,257","5,489","98,871","61,689","3,112","8,976","10,855","14,239","90,719",8.2%,2.44
,,,,,,,,,,, ,
,,,,,,,,,,, ,
Calaveras County,,,,,,,,,,, ,
Angels City,"3,813","3,766",47,"1,953","1,403",71,129,120,230,"1,649",15.6%,2.28
,,,,,,,,,,, ,
Balance Of County    ,"41,349","40,898",451,"25,955","22,853",295,547,272,"1,988","17,245",33.6%,2.37
Incorporated,"3,813","3,766",47,"1,953","1,403",71,129,120,230,"1,649",15.6%,2.28
 ,,,,,,,,,,, ,
County Total,"45,162","44,664",498,"27,908","24,256",366,676,392,"2,218","18,894",32.3%,2.36
,,,,,,,,,,, ,
,,,,,,,,,,, ,
Colusa County,,,,,,,,,,, ,
Colusa              ,"6,302","6,207",95,"2,387","1,707",79,321,160,120,"2,263",5.2%,2.74
Williams            ,"5,332","5,223",109,"1,559","1,132",18,138,210,61,"1,436",7.9%,3.64
,,,,,,,,,,, ,
Balance Of County    ,"10,382","10,321",61,"4,166","3,153",22,276,107,608,"3,590",13.8%,2.88
Incorporated,"11,634","11,430",204,"3,946","2,839",97,459,370,181,"3,699",6.3%,3.09
 ,,,,,,,,,,, ,
County Total,"22,016","21,751",265,"8,112","5,992",119,735,477,789,"7,289",10.1%,2.98
,,,,,,,,,,, ,
,,,,,,,,,,, ,
Contra Costa County,,,,,,,,,,, ,
Antioch             ,"112,674","112,010",664,"35,860","27,896","1,707","1,471","4,384",402,"33,730",5.9%,3.32
Brentwood           ,"60,583","60,437",146,"19,655","17,293",619,344,"1,045",354,"18,440",6.2%,3.28
Clayton             ,"11,558","11,548",10,"4,111","3,366",538,108,99,0,"4,034",1.9%,2.86
Concord             ,"129,288","127,888","1,400","47,262","27,381","3,201","3,427","11,494","1,759","44,452",5.9%,2.88
Danville            ,"44,823","44,580",243,"16,171","12,249","2,922",157,826,17,"15,618",3.4%,2.85
El Cerrito          ,"24,971","24,878",93,"10,795","7,490",350,"1,389","1,507",59,"10,215",5.4%,2.44
Hercules            ,"25,833","25,778",55,"8,739","5,666","1,357",567,"1,136",13,"8,277",5.3%,3.11
Lafayette           ,"25,835","25,736",99,"9,932","7,684",295,693,"1,252",8,"9,474",4.6%,2.72
Martinez            ,"38,233","36,977","1,256","15,243","9,562","2,218","1,326","2,122",15,"14,530",4.7%,2.55
Moraga              ,"16,783","15,060","1,723","5,770","3,833",871,289,777,0,"5,573",3.4%,2.70
Oakley,"40,355","40,252",103,"12,491","11,373",236,129,377,376,"11,606",7.1%,3.47
Orinda              ,"19,158","19,115",43,"7,018","6,508",175,9,326,0,"6,760",3.7%,2.83
Pinole              ,"19,371","19,303",68,"7,163","5,055",613,497,962,36,"6,778",5.4%,2.85
Pittsburg           ,"70,334","70,043",291,"22,462","15,891","1,308","1,231","3,285",747,"20,626",8.2%,3.40
Pleasant Hill       ,"34,850","34,387",463,"14,332","8,571","1,566","1,002","3,110",83,"13,694",4.5%,2.51
Richmond            ,"109,863","108,302","1,561","39,635","22,117","2,369","6,233","8,753",163,"36,351",8.3%,2.98
San Pablo           ,"31,577","31,136",441,"9,526","4,339",494,"1,548","2,763",382,"9,026",5.2%,3.45
San Ramon           ,"81,947","81,872",75,"28,307","17,648","3,035","1,142","6,445",37,"27,276",3.6%,3.00
Walnut Creek        ,"69,243","68,241","1,002","33,606","12,513","5,036","4,380","11,677",0,"31,231",7.1%,2.19
,,,,,,,,,,, ,
Balance Of County    ,"172,467","171,617",850,"64,120","48,316","2,960","2,661","7,366","2,817","59,182",7.7%,2.90
Incorporated,"967,279","957,543","9,736","348,078","226,435","28,910","25,942","62,340","4,451","327,691",5.9%,2.92
 ,,,,,,,,,,, ,
County Total,"1,139,746","1,129,160","10,586","412,198","274,751","31,870","28,603","69,706","7,268","386,873",6.1%,2.92
,,,,,,,,,,, ,
,,,,,,,,,,, ,
Del Norte County,,,,,,,,,,, ,
Crescent City       ,"6,415","4,049","2,366","1,898",918,92,360,470,58,"1,748",7.9%,2.32
,,,,,,,,,,, ,
Balance Of County    ,"20,687","20,472",215,"9,408","5,961",181,463,327,"2,476","8,319",11.6%,2.46
Incorporated,"6,415","4,049","2,366","1,898",918,92,360,470,58,"1,748",7.9%,2.32
 ,,,,,,,,,,, ,
County Total,"27,102","24,521","2,581","11,306","6,879",273,823,797,"2,534","10,067",11.0%,2.44
,,,,,,,,,,, ,
,,,,,,,,,,, ,
El Dorado County,,,,,,,,,,, ,
Placerville         ,"10,665","10,022",643,"4,644","3,027",193,814,439,171,"4,207",9.4%,2.38
South Lake Tahoe    ,"21,556","21,178",378,"15,175","9,532",404,"2,458","2,218",563,"8,936",41.1%,2.37
,,,,,,,,,,, ,
Balance Of County    ,"154,182","153,526",656,"70,534","61,696",793,"1,601","3,073","3,371","58,788",16.7%,2.61
Incorporated,"32,221","31,200","1,021","19,819","12,559",597,"3,272","2,657",734,"13,143",33.7%,2.37
 ,,,,,,,,,,, ,
County Total,"186,403","184,726","1,677","90,353","74,255","1,390","4,873","5,730","4,105","71,931",20.4%,2.57
,,,,,,,,,,, ,
,,,,,,,,,,, ,
Fresno County,,,,,,,,,,, ,
Clovis              ,"110,704","110,316",388,"39,698","28,595",764,"3,408","5,971",960,"37,490",5.6%,2.94
Coalinga            ,"17,268","12,594","4,674","4,482","2,849",51,426,653,503,"4,044",9.8%,3.11
Firebaugh           ,"8,029","8,016",13,"2,135","1,383",108,348,221,75,"1,978",7.4%,4.05
Fowler              ,"6,362","6,315",47,"2,016","1,482",26,160,225,123,"1,908",5.4%,3.31
Fresno              ,"527,527","518,056","9,471","178,819","109,710","4,648","22,430","37,283","4,748","163,658",8.5%,3.17
Huron               ,"7,271","7,271",0,"1,675",502,120,395,554,104,"1,599",4.5%,4.55
Kerman              ,"14,789","14,782",7,"4,144","2,970",100,437,455,182,"3,904",5.8%,3.79
Kingsburg           ,"12,089","12,007",82,"4,202","3,077",53,411,463,198,"3,933",6.4%,3.05
Mendota             ,"11,910","11,910",0,"2,669","1,587",167,428,430,57,"2,538",4.9%,4.69
Orange Cove         ,"9,752","9,752",0,"2,294","1,441",94,285,474,0,"2,152",6.2%,4.53
Parlier             ,"15,764","15,762",2,"3,680","2,532",61,406,628,53,"3,474",5.6%,4.54
Reedley             ,"26,218","25,953",265,"7,143","5,036",84,726,"1,034",263,"6,894",3.5%,3.77
Sanger              ,"26,183","26,049",134,"7,497","5,725",75,"1,154",443,100,"6,960",7.2%,3.74
San Joaquin         ,"4,190","4,190",0,932,588,38,203,46,57,894,4.1%,4.69
Selma               ,"24,776","24,611",165,"7,048","5,452",139,482,585,390,"6,634",5.9%,3.71
,,,,,,,,,,, ,
Balance Of County    ,"173,090","171,006","2,084","61,302","49,994",936,"1,884","1,412","7,076","52,761",13.9%,3.24
Incorporated,"822,832","807,584","15,248","268,434","172,929","6,528","31,699","49,465","7,813","248,060",7.6%,3.26
 ,,,,,,,,,,, ,
County Total,"995,922","978,590","17,332","329,736","222,923","7,464","33,583","50,877","14,889","300,821",8.8%,3.25
,,,,,,,,,,, ,
,,,,,,,,,,, ,
Glenn County,,,,,,,,,,, ,
Orland              ,"7,911","7,900",11,"2,908","2,111",34,376,309,78,"2,749",5.5%,2.87
Willows             ,"6,258","6,056",202,"2,457","1,682",65,320,367,23,"2,218",9.7%,2.73
,,,,,,,,,,, ,
Balance Of County    ,"14,525","14,427",98,"5,765","4,131",114,126,91,"1,303","5,103",11.5%,2.83
Incorporated,"14,169","13,956",213,"5,365","3,793",99,696,676,101,"4,967",7.4%,2.81
 ,,,,,,,,,,, ,
County Total,"28,694","28,383",311,"11,130","7,924",213,822,767,"1,404","10,070",9.5%,2.82
,,,,,,,,,,, ,
,,,,,,,,,,, ,
Humboldt County,,,,,,,,,,, ,
Arcata              ,"18,118","15,835","2,283","7,967","3,360",518,"1,193","2,007",889,"7,610",4.5%,2.08
Blue Lake           ,"1,276","1,276",0,584,368,11,114,33,58,557,4.6%,2.29
Eureka              ,"27,301","25,428","1,873","11,943","7,577",457,"2,259","1,517",133,"11,294",5.4%,2.25
Ferndale            ,"1,366","1,366",0,719,593,17,85,24,0,614,14.6%,2.23
Fortuna             ,"12,092","11,831",261,"5,095","3,380",162,592,602,359,"4,795",5.9%,2.47
Rio Dell            ,"3,365","3,344",21,"1,459","1,043",70,180,18,148,"1,379",5.5%,2.43
Trinidad            ,362,361,1,252,186,2,32,7,25,185,26.6%,1.95
,,,,,,,,,,, ,
Balance Of County    ,"72,682","71,589","1,093","34,653","25,976",867,"1,788","1,502","4,520","30,685",11.5%,2.33
Incorporated,"63,880","59,441","4,439","28,019","16,507","1,237","4,455","4,208","1,612","26,434",5.7%,2.25
 ,,,,,,,,,,, ,
County Total,"136,562","131,030","5,532","62,672","42,483","2,104","6,243","5,710","6,132","57,119",8.9%,2.29
,,,,,,,,,,, ,
,,,,,,,,,,, ,
Imperial County,,,,,,,,,,, ,
Brawley             ,"26,987","26,813",174,"8,393","5,459",218,736,"1,565",415,"7,785",7.2%,3.44
Calexico            ,"41,596","41,496",100,"10,830","7,357",484,"1,168","1,651",170,"10,297",4.9%,4.03
Calipatria          ,"7,634","3,775","3,859","1,122",860,16,44,141,61,"1,013",9.7%,3.73
El Centro           ,"45,664","44,848",816,"14,622","8,160",427,"1,577","2,927","1,531","13,276",9.2%,3.38
Holtville           ,"6,649","6,649",0,"1,963","1,304",73,177,203,206,"1,900",3.2%,3.50
Imperial            ,"18,633","18,602",31,"5,641","4,261",389,401,520,70,"5,251",6.9%,3.54
Westmorland         ,"2,435","2,435",0,677,464,10,100,83,20,651,3.8%,3.74
,,,,,,,,,,, ,
Balance Of County    ,"38,373","34,042","4,331","14,153","7,715",290,586,372,"5,190","10,353",26.8%,3.29
Incorporated,"149,598","144,618","4,980","43,248","27,865","1,617","4,203","7,090","2,473","40,173",7.1%,3.60
 ,,,,,,,,,,, ,
County Total,"187,971","178,660","9,311","57,401","35,580","1,907","4,789","7,462","7,663","50,526",12.0%,3.54
,,,,,,,,,,, ,
,,,,,,,,,,, ,
Inyo County,,,,,,,,,,, ,
Bishop              ,"3,897","3,789",108,"1,933",767,83,373,340,370,"1,755",9.2%,2.16
,,,,,,,,,,, ,
Balance Of County    ,"14,718","14,392",326,"7,582","4,870",133,229,139,"2,211","6,320",16.6%,2.28
Incorporated,"3,897","3,789",108,"1,933",767,83,373,340,370,"1,755",9.2%,2.16
 ,,,,,,,,,,, ,
County Total,"18,615","18,181",434,"9,515","5,637",216,602,479,"2,581","8,075",15.1%,2.25
,,,,,,,,,,, ,
,,,,,,,,,,, ,
Kern County,,,,,,,,,,, ,
Arvin               ,"21,172","20,823",349,"4,723","3,407",172,421,578,145,"4,506",4.6%,4.62
Bakersfield         ,"380,499","376,869","3,630","128,632","91,558","3,363","14,655","16,282","2,774","118,106",8.2%,3.19
California City     ,"14,481","12,324","2,157","5,221","4,050",97,471,159,444,"4,264",18.3%,2.89
Delano              ,"53,231","44,119","9,112","10,875","7,640",468,"1,245","1,073",449,"10,422",4.2%,4.23
Maricopa            ,"1,216","1,216",0,465,186,3,20,0,256,425,8.6%,2.86
Mcfarland           ,"14,880","13,257","1,623","3,008","2,575",57,208,98,70,"2,910",3.3%,4.56
Ridgecrest          ,"29,017","28,787",230,"12,160","8,082",470,"1,852",814,942,"11,020",9.4%,2.61
Shafter             ,"19,306","18,579",727,"4,970","3,778",153,548,277,214,"4,672",6.0%,3.98
Taft                ,"9,451","6,585","2,866","2,537","1,899",113,196,240,89,"2,262",10.8%,2.91
Tehachapi           ,"12,980","9,258","3,722","3,641","2,428",77,439,251,446,"3,304",9.3%,2.80
Wasco               ,"27,002","22,113","4,889","5,935","4,512",193,472,571,187,"5,553",6.4%,3.98
,,,,,,,,,,, ,
Balance Of County    ,"312,796","309,368","3,428","114,427","81,122","2,219","8,923","5,131","17,032","98,014",14.3%,3.16
Incorporated,"583,235","553,930","29,305","182,167","130,115","5,166","20,527","20,343","6,016","167,444",8.1%,3.31
 ,,,,,,,,,,, ,
County Total,"896,031","863,298","32,733","296,594","211,237","7,385","29,450","25,474","23,048","265,458",10.5%,3.25
,,,,,,,,,,, ,
,,,,,,,,,,, ,
Kings County,,,,,,,,,,, ,
Avenal              ,"12,830","9,474","3,356","2,483","1,525",81,432,338,107,"2,355",5.2%,4.02
Corcoran            ,"21,635","12,824","8,811","4,078","3,024",133,428,298,195,"3,724",8.7%,3.44
Hanford             ,"56,653","55,584","1,069","19,756","14,499",632,"1,707","2,495",423,"18,610",5.8%,2.99
Lemoore             ,"25,733","25,716",17,"9,210","6,505",336,764,"1,298",307,"8,733",5.2%,2.95
,,,,,,,,,,, ,
Balance Of County    ,"32,779","30,973","1,806","10,339","7,694","1,036",483,156,970,"9,628",6.9%,3.22
Incorporated,"116,851","103,598","13,253","35,527","25,553","1,182","3,331","4,429","1,032","33,422",5.9%,3.10
 ,,,,,,,,,,, ,
County Total,"149,630","134,571","15,059","45,866","33,247","2,218","3,814","4,585","2,002","43,050",6.1%,3.13
,,,,,,,,,,, ,
,,,,,,,,,,, ,
Lake County,,,,,,,,,,, ,
Clearlake           ,"15,123","14,663",460,"8,047","4,210",163,410,752,"2,512","5,804",27.9%,2.53
Lakeport            ,"4,752","4,615",137,"2,440","1,485",109,183,240,423,"1,962",19.6%,2.35
,,,,,,,,,,, ,
Balance Of County    ,"44,893","44,345",548,"23,986","17,658",186,551,615,"4,976","18,289",23.8%,2.43
Incorporated,"19,875","19,278",597,"10,487","5,695",272,593,992,"2,935","7,766",25.9%,2.48
 ,,,,,,,,,,, ,
County Total,"64,768","63,623","1,145","34,473","23,353",458,"1,144","1,607","7,911","26,055",24.4%,2.44
,,,,,,,,,,, ,
,,,,,,,,,,, ,
Lassen County,,,,,,,,,,, ,
Susanville          ,"15,261","8,689","6,572","4,247","3,065",223,138,543,278,"3,979",6.3%,2.18
,,,,,,,,,,, ,
Balance Of County    ,"15,437","14,198","1,239","8,501","6,004",73,171,198,"2,055","6,359",25.2%,2.23
Incorporated,"15,261","8,689","6,572","4,247","3,065",223,138,543,278,"3,979",6.3%,2.18
 ,,,,,,,,,,, ,
County Total,"30,698","22,887","7,811","12,748","9,069",296,309,741,"2,333","10,338",18.9%,2.21
,,,,,,,,,,, ,
,,,,,,,,,,, ,
Los Angeles County,,,,,,,,,,, ,
Agoura Hills        ,"20,902","20,814",88,"7,623","5,355","1,019",171,"1,056",22,"7,389",3.1%,2.82
Alhambra            ,"87,024","86,410",614,"31,653","13,756","3,856","3,710","10,301",30,"30,030",5.1%,2.88
Arcadia             ,"58,410","57,548",862,"21,010","12,786","2,124","1,253","4,847",0,"19,928",5.1%,2.89
Artesia             ,"16,916","16,303",613,"4,707","3,370",364,291,646,36,"4,559",3.1%,3.58
Avalon              ,"3,859","3,852",7,"2,292",605,138,859,690,0,"1,497",34.7%,2.57
Azusa               ,"49,992","47,190","2,802","14,277","6,697","1,985","1,415","3,626",554,"13,516",5.3%,3.49
Baldwin Park        ,"77,091","76,685",406,"17,878","12,722","1,238",597,"3,006",315,"17,246",3.5%,4.45
Bell                ,"36,362","35,783",579,"9,215","4,748",827,987,"2,265",388,"8,923",3.2%,4.01
Bellflower          ,"78,244","77,505",739,"24,923","12,354","2,079","1,794","7,382","1,314","23,699",4.9%,3.27
Bell Gardens        ,"43,144","42,720",424,"10,005","4,932","2,480","1,033","1,209",351,"9,714",2.9%,4.40
Beverly Hills       ,"34,714","34,593",121,"16,432","5,724",291,"1,899","8,476",42,"14,846",9.7%,2.33
Bradbury            ,"1,086","1,086",0,409,391,7,0,11,0,359,12.2%,3.03
Burbank             ,"106,300","105,727",573,"44,623","19,816","1,912","4,727","18,033",135,"42,327",5.1%,2.50
Calabasas           ,"24,225","24,216",9,"9,150","6,224",662,492,"1,541",231,"8,793",3.9%,2.75
Carson              ,"93,508","92,116","1,392","26,222","18,311","2,398",698,"2,359","2,456","25,419",3.1%,3.62
Cerritos            ,"50,364","50,260",104,"16,072","13,419","1,410",429,795,19,"15,641",2.7%,3.21
Claremont           ,"36,399","30,953","5,446","12,406","8,205","1,283","1,007","1,888",23,"11,827",4.7%,2.62
Commerce            ,"13,079","13,009",70,"3,473","2,376",331,235,531,0,"3,385",2.5%,3.84
Compton             ,"99,125","98,370",755,"24,595","16,840","2,347","2,129","2,653",626,"23,255",5.4%,4.23
Covina              ,"48,920","48,485",435,"16,649","9,654","1,528",830,"4,091",546,"15,923",4.4%,3.05
Cudahy              ,"24,374","24,366",8,"5,774","2,141","1,313",326,"1,574",420,"5,631",2.5%,4.33
Culver City         ,"39,867","39,556",311,"17,584","6,925","1,589","2,090","6,764",216,"16,878",4.0%,2.34
Diamond Bar         ,"57,490","57,361",129,"18,695","13,461","1,765","1,055","2,046",368,"18,156",2.9%,3.16
Downey              ,"114,202","113,519",683,"35,662","20,438","1,419","1,631","11,806",368,"34,018",4.6%,3.34
Duarte              ,"22,043","21,636",407,"7,337","4,691",937,235,"1,312",162,"7,115",3.0%,3.04
El Monte            ,"116,310","115,230","1,080","29,268","16,340","3,732","1,467","6,229","1,500","27,973",4.4%,4.12
El Segundo          ,"17,100","17,024",76,"7,435","3,184",354,782,"3,100",15,"7,137",4.0%,2.39
Gardena             ,"61,036","60,242",794,"21,794","9,758","1,550","2,569","6,672","1,245","20,934",3.9%,2.88
Glendale            ,"201,500","200,071","1,429","78,726","27,764","3,563","6,908","40,441",50,"74,539",5.3%,2.68
Glendora            ,"52,115","51,350",765,"18,204","13,246","1,412",685,"2,191",670,"17,511",3.8%,2.93
Hawaiian Gardens    ,"14,716","14,700",16,"3,711","1,739",523,364,834,251,"3,607",2.8%,4.08
Hawthorne           ,"88,124","87,585",539,"30,552","8,956","1,310","4,070","16,069",147,"29,222",4.4%,3.00
Hermosa Beach       ,"19,870","19,855",15,"10,038","4,351",800,"2,259","2,411",217,"9,541",5.0%,2.08
Hidden Hills        ,"1,912","1,912",0,634,630,4,0,0,0,600,5.4%,3.19
Huntington Park     ,"59,475","59,220",255,"15,174","6,256","2,040","1,585","5,208",85,"14,656",3.4%,4.04
Industry            ,432,195,237,68,58,0,6,0,4,62,8.8%,3.15
Inglewood           ,"112,927","111,425","1,502","38,652","14,752","2,314","5,514","15,863",209,"36,770",4.9%,3.03
Irwindale           ,"1,414","1,364",50,390,349,10,4,21,6,365,6.4%,3.74
La Canada Flintridge,"20,626","20,599",27,"7,081","6,505",186,96,250,44,"6,846",3.3%,3.01
La Habra Heights    ,"5,501","5,481",20,"1,898","1,833",65,0,0,0,"1,830",3.6%,3.00
Lakewood            ,"81,596","81,487",109,"27,553","22,707","1,053",378,"3,264",151,"26,543",3.7%,3.07
La Mirada           ,"49,663","46,806","2,857","15,134","12,125",762,288,"1,787",172,"14,761",2.5%,3.17
Lancaster           ,"161,401","154,295","7,106","52,807","37,057",832,"3,090","7,880","3,948","47,936",9.2%,3.22
La Puente           ,"40,764","40,721",43,"9,797","6,783",483,403,"2,098",30,"9,493",3.1%,4.29
La Verne            ,"33,220","32,121","1,099","12,120","7,731",931,660,929,"1,869","11,677",3.7%,2.75
Lawndale            ,"33,578","33,403",175,"10,161","5,320","1,422",901,"2,273",245,"9,733",4.2%,3.43
Lomita              ,"20,768","20,601",167,"8,472","4,190",776,466,"2,419",621,"8,115",4.2%,2.54
Long Beach          ,"476,157","467,293","8,864","176,970","74,494","10,123","21,640","68,367","2,346","165,122",6.7%,2.83
Los Angeles         ,"4,015,087","3,920,567","94,520","1,469,845","557,395","87,144","129,838","685,387","10,081","1,366,536",7.0%,2.87
Lynwood             ,"71,536","68,734","2,802","15,311","9,337",968,"1,834","3,037",135,"14,747",3.7%,4.66
Malibu              ,"13,021","12,880",141,"6,907","4,827",548,230,761,541,"5,321",23.0%,2.42
Manhattan Beach     ,"36,066","36,038",28,"15,047","10,431","1,170","2,456",976,14,"14,135",6.1%,2.55
Maywood             ,"28,072","27,953",119,"6,760","3,684",870,909,"1,252",45,"6,594",2.5%,4.24
Monrovia            ,"38,618","38,462",156,"15,010","8,446","1,736","1,104","3,566",158,"14,252",5.0%,2.70
Montebello          ,"64,301","63,901",400,"19,969","9,821","1,612","2,464","5,806",266,"19,190",3.9%,3.33
Monterey Park       ,"62,118","61,888",230,"21,164","12,142","1,993","2,121","4,844",64,"20,187",4.6%,3.07
Norwalk             ,"106,834","105,331","1,503","28,020","20,553","1,255",834,"4,890",488,"26,971",3.7%,3.91
Palmdale            ,"157,887","157,688",199,"47,012","37,004",852,"1,416","5,583","2,157","43,554",7.4%,3.62
Palos Verdes Estates,"13,598","13,581",17,"5,297","4,891",67,30,297,12,"5,029",5.1%,2.70
Paramount           ,"55,537","55,227",310,"14,635","6,640","1,704",895,"4,263","1,133","13,980",4.5%,3.95
Pasadena            ,"144,307","140,814","3,493","61,766","26,417","4,169","5,250","25,800",130,"57,132",7.5%,2.47
Pico Rivera         ,"64,362","63,908",454,"17,133","13,122",661,437,"2,414",499,"16,620",3.0%,3.85
Pomona              ,"153,574","149,567","4,007","41,257","24,875","3,080","3,512","7,812","1,978","38,955",5.6%,3.84
Rancho Palos Verdes ,"42,664","42,324",340,"16,291","12,537","1,024",324,"2,381",25,"15,641",4.0%,2.71
Redondo Beach       ,"68,438","68,007",431,"30,713","12,114","4,342","4,642","9,356",259,"29,182",5.0%,2.33
Rolling Hills       ,"1,901","1,901",0,719,718,0,0,1,0,666,7.4%,2.85
Rolling Hills Estates,"8,267","8,267",0,"3,101","2,324",669,35,37,36,"2,981",3.9%,2.77
Rosemead            ,"55,030","54,617",413,"14,880","11,183","1,449",853,"1,229",166,"14,307",3.9%,3.82
San Dimas           ,"34,712","34,172",540,"12,788","7,351","1,673",312,"2,001","1,451","12,283",3.9%,2.78
San Fernando        ,"24,607","24,493",114,"6,429","4,600",464,475,769,121,"6,093",5.2%,4.02
San Gabriel         ,"41,223","40,771",452,"13,505","7,459","1,654",775,"3,609",8,"12,774",5.4%,3.19
San Marino          ,"13,374","13,293",81,"4,480","4,425",15,0,40,0,"4,321",3.5%,3.08
Santa Clarita       ,"212,375","210,965","1,410","73,915","44,400","8,592","3,091","15,229","2,603","69,716",5.7%,3.03
Santa Fe Springs    ,"18,178","17,985",193,"5,462","3,249",199,275,"1,666",73,"5,225",4.3%,3.44
Santa Monica        ,"93,791","91,645","2,146","52,410","9,735","1,826","5,294","35,351",204,"48,144",8.1%,1.90
Sierra Madre        ,"11,176","11,175",1,"5,118","3,552",325,337,904,0,"4,858",5.1%,2.30
Signal Hill         ,"11,591","11,545",46,"4,533","1,423",620,638,"1,852",0,"4,293",5.3%,2.69
South El Monte      ,"21,122","21,065",57,"4,839","3,538",187,243,421,450,"4,707",2.7%,4.48
South Gate          ,"97,151","97,063",88,"24,497","15,328","1,925","3,224","3,728",292,"23,503",4.1%,4.13
South Pasadena      ,"26,315","26,152",163,"11,155","4,972",662,"1,400","4,121",0,"10,547",5.5%,2.48
Temple City         ,"36,355","35,933",422,"12,199","9,848",890,345,"1,009",107,"11,642",4.6%,3.09
Torrance            ,"148,648","147,502","1,146","58,528","30,694","3,655","3,666","19,378","1,135","56,158",4.0%,2.63
Vernon              ,302,302,0,76,23,0,0,53,0,74,2.6%,4.08
Walnut              ,"30,320","30,286",34,"8,937","8,539",57,35,303,3,"8,700",2.7%,3.48
West Covina         ,"108,685","108,011",674,"32,936","21,279","3,117","1,235","6,960",345,"31,755",3.6%,3.40
West Hollywood      ,"35,902","35,793",109,"25,212","2,285",703,"2,348","19,831",45,"23,051",8.6%,1.55
Westlake Village    ,"8,465","8,337",128,"3,386","2,372",626,109,152,127,"3,276",3.2%,2.55
Whittier            ,"87,697","86,062","1,635","29,644","19,366","1,203","2,308","6,574",193,"28,518",3.8%,3.02
,,,,,,,,,,, ,
Balance Of County    ,"1,055,868","1,038,431","17,437","311,177","219,632","17,743","17,805","45,522","10,475","294,093",5.5%,3.53
Incorporated,"9,171,052","9,007,248","163,804","3,216,191","1,504,968","213,253","269,322","1,180,857","47,791","3,020,665",6.1%,2.98
 ,,,,,,,,,,, ,
County Total,"10,226,920","10,045,679","181,241","3,527,368","1,724,600","230,996","287,127","1,226,379","58,266","3,314,758",6.0%,3.03
,,,,,,,,,,, ,
,,,,,,,,,,, ,
Madera County,,,,,,,,,,, ,
Chowchilla          ,"18,745","12,223","6,522","4,360","3,475",79,400,392,14,"3,850",11.7%,3.18
Madera              ,"64,944","64,353",591,"17,649","12,821",324,"2,169","1,886",449,"16,351",7.4%,3.94
,,,,,,,,,,, ,
Balance Of County    ,"73,105","72,446",659,"28,116","23,749",256,810,336,"2,965","23,752",15.5%,3.05
Incorporated,"83,689","76,576","7,113","22,009","16,296",403,"2,569","2,278",463,"20,201",8.2%,3.79
 ,,,,,,,,,,, ,
County Total,"156,794","149,022","7,772","50,125","40,045",659,"3,379","2,614","3,428","43,953",12.3%,3.39
,,,,,,,,,,, ,
,,,,,,,,,,, ,
Marin County,,,,,,,,,,, ,
Belvedere           ,"2,154","2,154",0,"1,047",881,48,81,37,0,929,11.3%,2.32
Corte Madera        ,"9,665","9,665",0,"4,027","2,498",609,373,547,0,"3,808",5.4%,2.54
Fairfax             ,"7,733","7,711",22,"3,589","2,276",345,486,469,13,"3,374",6.0%,2.29
Larkspur            ,"12,639","12,516",123,"6,480","2,652",426,488,"2,625",289,"6,020",7.1%,2.08
Mill Valley         ,"14,702","14,626",76,"6,634","4,384",648,347,"1,241",14,"6,183",6.8%,2.37
Novato              ,"54,276","53,642",634,"21,421","12,568","3,427","1,321","3,557",548,"20,407",4.7%,2.63
Ross                ,"2,535","2,483",52,891,830,16,19,26,0,806,9.5%,3.08
San Anselmo         ,"12,925","12,872",53,"5,549","4,201",265,356,690,37,"5,277",4.9%,2.44
San Rafael          ,"60,191","58,018","2,173","24,060","11,111","2,407","2,088","8,047",407,"22,824",5.1%,2.54
Sausalito           ,"7,450","7,437",13,"4,581","1,776",829,953,938,85,"4,169",9.0%,1.78
Tiburon             ,"9,391","9,353",38,"4,031","2,639",384,370,624,14,"3,755",6.8%,2.49
,,,,,,,,,,, ,
Balance Of County    ,"69,266","64,424","4,842","29,689","22,804","1,905","1,410","2,993",577,"26,363",11.2%,2.44
Incorporated,"193,661","190,477","3,184","82,310","45,816","9,404","6,882","18,801","1,407","77,552",5.8%,2.46
 ,,,,,,,,,,, ,
County Total,"262,927","254,901","8,026","111,999","68,620","11,309","8,292","21,794","1,984","103,915",7.2%,2.45
,,,,,,,,,,, ,
,,,,,,,,,,, ,
Mariposa County,,,,,,,,,,, ,
County Total,"18,121","17,399",722,"10,492","7,041",200,529,309,"2,413","7,920",24.5%,2.20
,,,,,,,,,,, ,
,,,,,,,,,,, ,
Mendocino County,,,,,,,,,,, ,
Fort Bragg          ,"7,492","7,233",259,"3,245","2,038",146,390,354,317,"2,950",9.1%,2.45
Point Arena         ,454,454,0,228,147,11,34,11,25,194,14.9%,2.34
Ukiah               ,"16,087","15,356",731,"6,530","3,600",412,841,"1,237",440,"6,176",5.4%,2.49
Willits             ,"5,000","4,906",94,"2,098","1,141",93,307,280,277,"1,957",6.7%,2.51
,,,,,,,,,,, ,
Balance Of County    ,"60,078","59,204",874,"28,793","21,732",708,949,909,"4,495","24,192",16.0%,2.45
Incorporated,"29,033","27,949","1,084","12,101","6,926",662,"1,572","1,882","1,059","11,277",6.8%,2.48
 ,,,,,,,,,,, ,
County Total,"89,111","87,153","1,958","40,894","28,658","1,370","2,521","2,791","5,554","35,469",13.3%,2.46
,,,,,,,,,,, ,
,,,,,,,,,,, ,
Merced County,,,,,,,,,,, ,
Atwater             ,"30,601","30,499",102,"9,992","6,427",616,"1,627",582,740,"9,323",6.7%,3.27
Dos Palos           ,"5,369","5,341",28,"1,717","1,470",0,81,120,46,"1,581",7.9%,3.38
Gustine             ,"5,837","5,837",0,"2,110","1,742",48,85,84,151,"1,928",8.6%,3.03
Livingston          ,"14,110","14,106",4,"3,447","2,878",11,189,312,57,"3,309",4.0%,4.26
Los Banos           ,"39,686","39,505",181,"11,750","9,855",142,479,878,396,"10,991",6.5%,3.59
Merced              ,"84,844","83,684","1,160","27,718","17,019","1,043","4,101","4,809",746,"25,970",6.3%,3.22
,,,,,,,,,,, ,
Balance Of County    ,"94,562","89,614","4,948","28,434","22,308",893,"1,007",738,"3,488","25,497",10.3%,3.52
Incorporated,"180,447","178,972","1,475","56,734","39,391","1,860","6,562","6,785","2,136","53,102",6.4%,3.37
,,,,,,,,,,, ,
County Total,"275,009","268,586","6,423","85,168","61,699","2,753","7,569","7,523","5,624","78,599",7.7%,3.42
,,,,,,,,,,, ,
,,,,,,,,,,, ,
Modoc County,,,,,,,,,,, ,
Alturas             ,"2,724","2,724",0,"1,404","1,083",25,84,131,81,"1,265",9.9%,2.15
,,,,,,,,,,, ,
Balance Of County    ,"6,825","6,519",306,"3,858","2,858",84,35,30,851,"2,985",22.6%,2.18
Incorporated,"2,724","2,724",0,"1,404","1,083",25,84,131,81,"1,265",9.9%,2.15
 ,,,,,,,,,,, ,
County Total,"9,549","9,243",306,"5,262","3,941",109,119,161,932,"4,250",19.2%,2.17
,,,,,,,,,,, ,
,,,,,,,,,,, ,
Mono County,,,,,,,,,,, ,
Mammoth Lakes       ,"8,102","7,944",158,"9,695","2,426",290,"2,408","4,424",147,"3,301",66.0%,2.41
,,,,,,,,,,, ,
Balance Of County    ,"5,691","5,514",177,"4,353","2,914",115,282,123,919,"2,464",43.4%,2.24
Incorporated,"8,102","7,944",158,"9,695","2,426",290,"2,408","4,424",147,"3,301",66.0%,2.41
 ,,,,,,,,,,, ,
County Total,"13,793","13,458",335,"14,048","5,340",405,"2,690","4,547","1,066","5,765",59.0%,2.33
,,,,,,,,,,, ,
,,,,,,,,,,, ,
Monterey County,,,,,,,,,,, ,
Carmel-By-The-Sea   ,"3,941","3,941",0,"3,421","2,806",173,207,235,0,"2,122",38.0%,1.86
Del Rey Oaks        ,"1,719","1,719",0,741,586,25,19,111,0,704,5.0%,2.44
Gonzales            ,"8,629","8,623",6,"1,987","1,459",128,21,354,25,"1,906",4.1%,4.52
Greenfield          ,"17,938","17,909",29,"3,914","3,004",117,302,425,66,"3,608",7.8%,4.96
King City           ,"14,450","14,391",59,"3,332","1,930",276,323,554,249,"3,205",3.8%,4.49
Marina              ,"22,263","20,371","1,892","7,381","3,346",678,"1,068","2,037",252,"7,029",4.8%,2.90
Monterey            ,"28,697","26,339","2,358","13,662","5,904",830,"2,618","4,261",49,"12,196",10.7%,2.16
Pacific Grove       ,"15,816","15,461",355,"8,190","4,745",499,"1,113","1,682",151,"7,015",14.3%,2.20
Salinas             ,"161,624","159,391","2,233","43,067","23,682","2,708","4,199","11,127","1,351","41,279",4.2%,3.86
Sand City           ,375,332,43,177,73,6,36,60,2,139,21.5%,2.39
Seaside             ,"34,295","33,324",971,"10,915","6,810","1,271",883,"1,368",583,"10,160",6.9%,3.28
Soledad             ,"25,996","16,801","9,195","3,958","3,105",81,237,327,208,"3,737",5.6%,4.50
,,,,,,,,,,, ,
Balance Of County    ,"106,155","102,493","3,662","39,076","30,876","2,096","1,524","1,793","2,787","33,653",13.9%,3.05
Incorporated,"335,743","318,602","17,141","100,745","57,450","6,792","11,026","22,541","2,936","93,100",7.6%,3.42
 ,,,,,,,,,,, ,
County Total,"441,898","421,095","20,803","139,821","88,326","8,888","12,550","24,334","5,723","126,753",9.3%,3.32
,,,,,,,,,,, ,
,,,,,,,,,,, ,
Napa County,,,,,,,,,,, ,
American Canyon     ,"20,477","20,421",56,"6,129","4,916",47,23,294,849,"5,825",5.0%,3.51
Calistoga           ,"5,377","5,322",55,"2,372","1,156",89,243,283,601,"2,060",13.2%,2.58
Napa                ,"79,546","78,348","1,198","30,525","18,885","2,160","2,951","5,164","1,365","28,520",6.6%,2.75
St Helena           ,"6,113","6,015",98,"2,870","1,834",177,179,525,155,"2,472",13.9%,2.43
Yountville          ,"3,019","2,103",916,"1,294",645,153,99,98,299,"1,112",14.1%,1.89
,,,,,,,,,,, ,
Balance Of County    ,"27,186","24,575","2,611","12,377","10,504",367,609,367,530,"9,706",21.6%,2.53
Incorporated,"114,532","112,209","2,323","43,190","27,436","2,626","3,495","6,364","3,269","39,989",7.4%,2.81
 ,,,,,,,,,,, ,
County Total,"141,718","136,784","4,934","55,567","37,940","2,993","4,104","6,731","3,799","49,695",10.6%,2.75
,,,,,,,,,,, ,
,,,,,,,,,,, ,
Nevada County,,,,,,,,,,, ,
Grass Valley        ,"12,766","12,307",459,"6,688","2,973",233,975,"2,068",439,"6,132",8.3%,2.01
Nevada City         ,"3,118","2,853",265,"1,541","1,207",72,139,111,12,"1,391",9.7%,2.05
Truckee             ,"16,315","16,272",43,"13,232","11,118",206,936,530,442,"6,505",50.8%,2.50
,,,,,,,,,,, ,
Balance Of County    ,"66,493","66,081",412,"32,096","29,047",329,233,202,"2,285","28,159",12.3%,2.35
Incorporated,"32,199","31,432",767,"21,461","15,298",511,"2,050","2,709",893,"14,028",34.6%,2.24
 ,,,,,,,,,,, ,
County Total,"98,692","97,513","1,179","53,557","44,345",840,"2,283","2,911","3,178","42,187",21.2%,2.31
,,,,,,,,,,, ,
,,,,,,,,,,, ,
Orange County,,,,,,,,,,, ,
Aliso Viejo,"50,245","49,776",469,"19,355","7,049","5,233",666,"6,407",0,"18,662",3.6%,2.67
Anaheim             ,"358,036","354,479","3,557","107,557","45,011","9,228","11,395","37,238","4,685","102,149",5.0%,3.47
Brea                ,"44,468","44,399",69,"16,262","9,220","1,474",506,"4,058","1,004","15,756",3.1%,2.82
Buena Park          ,"83,746","82,932",814,"24,994","14,416","1,981","1,740","6,504",353,"24,035",3.8%,3.45
Costa Mesa          ,"114,637","112,052","2,585","42,669","16,808","4,360","5,691","14,880",930,"40,806",4.4%,2.75
Cypress             ,"49,658","49,156",502,"16,244","9,889","2,670",580,"2,684",421,"15,867",2.3%,3.10
Dana Point          ,"34,330","34,089",241,"16,053","8,758","2,010","2,665","2,372",248,"14,241",11.3%,2.39
Fountain Valley     ,"57,059","56,622",437,"19,309","12,666","1,956",690,"3,606",391,"18,769",2.8%,3.02
Fullerton           ,"142,984","138,804","4,180","49,085","24,503","4,940","4,042","14,720",880,"46,535",5.2%,2.98
Garden Grove        ,"175,422","173,481","1,941","47,789","27,354","3,971","4,205","10,631","1,628","46,119",3.5%,3.76
Huntington Beach    ,"202,115","201,225",890,"81,312","39,096","9,451","9,664","20,014","3,087","77,337",4.9%,2.60
Irvine              ,"265,829","248,045","17,784","98,676","38,347","16,722","5,790","36,652","1,165","92,646",6.1%,2.68
Laguna Beach        ,"23,360","23,271",89,"12,998","8,571",689,"1,522","1,927",289,"10,852",16.5%,2.14
Laguna Hills        ,"31,875","31,506",369,"11,296","6,404","1,917",571,"2,052",352,"10,706",5.2%,2.94
Laguna Niguel       ,"65,834","65,586",248,"25,884","14,524","5,107","1,406","4,799",48,"24,712",4.5%,2.65
Laguna Woods,"16,648","16,481",167,"13,079",918,"3,721","2,237","6,203",0,"11,340",13.3%,1.45
La Habra            ,"62,300","61,960",340,"20,112","10,704","1,510","1,553","5,447",898,"19,147",4.8%,3.24
Lake Forest         ,"83,893","83,378",515,"28,887","15,466","4,256","1,521","6,369","1,275","27,813",3.7%,3.00
La Palma            ,"15,928","15,908",20,"5,230","3,760",469,127,861,13,"5,070",3.1%,3.14
Los Alamitos        ,"11,826","11,583",243,"4,390","2,092",372,770,"1,050",106,"4,246",3.3%,2.73
Mission Viejo       ,"96,913","95,971",942,"34,878","24,720","4,257",910,"4,940",51,"33,635",3.6%,2.85
Newport Beach       ,"86,852","86,450",402,"44,167","20,169","7,010","5,083","10,785","1,120","38,540",12.7%,2.24
Orange              ,"140,411","133,979","6,432","45,271","26,050","4,865","4,881","8,253","1,222","43,540",3.8%,3.08
Placentia           ,"52,799","52,462",337,"17,158","10,175","1,916","1,391","3,090",586,"16,677",2.8%,3.15
Rancho Santa Margarita,"49,349","49,347",2,"17,308","9,354","3,579",622,"3,743",10,"16,764",3.1%,2.94
San Clemente        ,"65,681","65,408",273,"26,263","14,951","2,600","4,132","3,981",599,"24,113",8.2%,2.71
San Juan Capistrano ,"36,461","36,374",87,"12,319","6,699","2,362",795,"1,079","1,384","11,715",4.9%,3.11
Santa Ana           ,"339,865","334,912","4,953","77,891","35,618","5,705","7,543","24,976","4,049","74,726",4.1%,4.48
Seal Beach          ,"25,249","25,021",228,"14,530","4,727","1,518","1,118","7,012",155,"13,277",8.6%,1.89
Stanton             ,"39,644","39,294",350,"11,377","3,140","1,803","1,317","3,679","1,438","10,966",3.6%,3.58
Tustin              ,"81,980","81,460",520,"28,075","9,813","3,564","4,048","9,741",909,"26,694",4.9%,3.05
Villa Park          ,"5,976","5,931",45,"2,025","1,993",24,8,0,0,"1,982",2.1%,2.99
Westminster         ,"93,230","92,560",670,"27,856","15,023","2,056","2,503","5,129","3,145","26,533",4.7%,3.49
Yorba Linda         ,"68,739","68,549",190,"23,377","18,112","2,458",848,"1,527",432,"22,525",3.6%,3.04
,,,,,,,,,,, ,
Balance Of County    ,"126,167","125,399",768,"40,798","30,992","4,294",856,"4,025",631,"39,228",3.8%,3.20
Incorporated,"3,073,342","3,022,451","50,891","1,043,676","516,100","125,754","92,540","276,409","32,873","988,495",5.3%,3.06
 ,,,,,,,,,,, ,
County Total,"3,199,509","3,147,850","51,659","1,084,474","547,092","130,048","93,396","280,434","33,504","1,027,723",5.2%,3.06
,,,,,,,,,,, ,
,,,,,,,,,,, ,
Placer County,,,,,,,,,,, ,
Auburn              ,"14,262","13,984",278,"6,273","4,215",299,760,999,0,"5,978",4.7%,2.34
Colfax              ,"2,068","2,063",5,926,604,48,186,67,21,840,9.3%,2.46
Lincoln             ,"47,433","47,318",115,"18,798","16,925",373,374,"1,055",71,"17,692",5.9%,2.68
Loomis              ,"6,803","6,782",21,"2,528","2,169",142,97,0,120,"2,417",4.4%,2.81
Rocklin             ,"64,397","63,780",617,"24,155","17,646",790,"1,094","4,123",502,"22,815",5.5%,2.80
Roseville           ,"134,110","133,263",847,"52,407","38,278","1,414","2,827","9,498",390,"49,329",5.9%,2.70
,,,,,,,,,,, ,
Balance Of County    ,"114,646","112,569","2,077","57,402","47,103","1,140","3,083","2,910","3,166","42,457",26.0%,2.65
Incorporated,"269,073","267,190","1,883","105,087","79,837","3,066","5,338","15,742","1,104","99,071",5.7%,2.70
 ,,,,,,,,,,, ,
County Total,"383,719","379,759","3,960","162,489","126,940","4,206","8,421","18,652","4,270","141,528",12.9%,2.68
,,,,,,,,,,, ,
,,,,,,,,,,, ,
Plumas County,,,,,,,,,,, ,
Portola             ,"2,017","1,993",24,"1,127",806,0,9,139,173,882,21.7%,2.26
,,,,,,,,,,, ,
Balance Of County    ,"17,819","17,552",267,"14,687","11,429",393,322,528,"2,015","8,347",43.2%,2.10
Incorporated,"2,017","1,993",24,"1,127",806,0,9,139,173,882,21.7%,2.26
 ,,,,,,,,,,, ,
County Total,"19,836","19,545",291,"15,814","12,235",393,331,667,"2,188","9,229",41.6%,2.12
,,,,,,,,,,, ,
,,,,,,,,,,, ,
Riverside County,,,,,,,,,,, ,
Banning             ,"30,914","29,549","1,365","12,161","9,180",502,677,659,"1,143","10,805",11.2%,2.74
Beaumont            ,"45,167","44,693",474,"15,200","12,909",243,682,843,523,"13,801",9.2%,3.24
Blythe              ,"19,356","13,507","5,849","5,469","3,194",136,757,760,622,"4,479",18.1%,3.02
Calimesa            ,"8,805","8,754",51,"3,940","2,439",130,52,0,"1,319","3,531",10.4%,2.48
Canyon Lake         ,"11,138","11,129",9,"4,558","4,208",134,73,76,67,"3,954",13.3%,2.82
Cathedral City      ,"53,946","53,659",287,"21,118","11,786","2,845","2,268","1,744","2,475","17,118",18.9%,3.14
Coachella           ,"45,537","45,479",58,"10,411","7,357",312,"1,002","1,111",629,"9,591",7.9%,4.74
Corona              ,"165,427","164,781",646,"48,930","32,903","2,142","2,201","10,010","1,674","46,466",5.0%,3.55
Desert Hot Springs  ,"28,645","28,527",118,"11,507","7,241",189,"1,671","1,535",871,"9,105",20.9%,3.13
Eastvale,"64,683","64,619",64,"16,657","14,897",416,266,530,548,"15,671",5.9%,4.12
Hemet               ,"83,802","83,188",614,"35,987","17,503","1,549","2,226","4,870","9,839","30,555",15.1%,2.72
Indian Wells        ,"5,342","5,336",6,"5,294","3,521","1,140",266,367,0,"2,820",46.7%,1.89
Indio               ,"87,033","86,071",962,"31,674","21,372","1,344","2,192","3,579","3,187","25,528",19.4%,3.37
Jurupa Valley,"102,392","101,607",785,"27,546","21,316","1,026",788,"2,449","1,967","25,715",6.6%,3.95
Lake Elsinore       ,"61,433","61,001",432,"18,477","14,122",812,"1,025","1,791",727,"16,723",9.5%,3.65
La Quinta           ,"41,029","40,972",57,"24,544","19,101","2,465","1,140","1,607",231,"15,463",37.0%,2.65
Menifee,"89,113","88,925",188,"33,307","28,251",942,481,"1,060","2,573","30,081",9.7%,2.96
Moreno Valley       ,"203,934","203,380",554,"56,151","45,338","1,127","1,505","6,817","1,364","51,842",7.7%,3.92
Murrieta            ,"116,527","116,098",429,"36,391","27,063","1,235",880,"5,547","1,666","35,154",3.4%,3.30
Norco               ,"26,527","23,733","2,794","7,326","6,971",98,39,194,24,"7,005",4.4%,3.39
Palm Desert         ,"52,705","52,397",308,"38,315","15,256","10,986","2,953","5,416","3,704","23,972",37.4%,2.19
Palm Springs        ,"47,885","47,346",539,"35,603","13,352","8,473","2,907","8,724","2,147","23,310",34.5%,2.03
Perris              ,"75,659","75,419",240,"19,045","14,621",391,633,"1,725","1,675","17,255",9.4%,4.37
Rancho Mirage       ,"18,223","18,159",64,"14,451","7,809","4,187",725,835,895,"8,905",38.4%,2.04
Riverside           ,"323,934","311,718","12,216","100,113","64,145","3,915","6,388","23,438","2,227","93,389",6.7%,3.34
San Jacinto         ,"47,053","46,825",228,"15,243","10,067","1,097",701,562,"2,816","13,342",12.5%,3.51
Temecula            ,"112,170","112,041",129,"36,320","28,516","1,300",847,"5,498",159,"33,933",6.6%,3.30
Wildomar,"35,261","35,219",42,"11,343","7,835",44,27,552,"2,885","10,433",8.0%,3.38
,,,,,,,,,,, ,
Balance Of County    ,"381,020","376,868","4,152","137,571","96,873","2,492","3,300","3,401","31,505","115,849",15.8%,3.25
Incorporated,"2,003,640","1,974,132","29,508","697,081","472,273","49,180","35,372","92,299","47,957","599,946",13.9%,3.29
 ,,,,,,,,,,, ,
County Total,"2,384,660","2,351,000","33,660","834,652","569,146","51,672","38,672","95,700","79,462","715,795",14.2%,3.28
,,,,,,,,,,, ,
,,,,,,,,,,, ,
Sacramento County,,,,,,,,,,, ,
Citrus Heights,"87,435","86,949",486,"35,151","19,371","3,091","3,330","7,536","1,823","32,646",7.1%,2.66
Elk Grove,"170,275","169,606",669,"53,829","46,728","1,537",962,"4,319",283,"50,758",5.7%,3.34
Folsom              ,"77,736","72,316","5,420","27,613","19,688",815,"1,269","4,937",904,"26,309",4.7%,2.75
Galt                ,"25,691","25,542",149,"7,953","6,625",504,134,334,356,"7,510",5.6%,3.40
Isleton             ,843,843,0,424,239,0,112,10,63,332,21.7%,2.54
Rancho Cordova,"72,294","71,969",325,"27,293","16,188","1,688","2,054","5,849","1,514","24,906",8.7%,2.89
Sacramento          ,"493,771","485,329","8,442","193,058","114,773","13,067","18,593","43,431","3,194","175,964",8.9%,2.76
,,,,,,,,,,, ,
Balance Of County    ,"586,970","579,982","6,988","221,960","142,836","14,072","18,565","39,761","6,726","204,220",8.0%,2.84
Incorporated,"928,045","912,554","15,491","345,321","223,612","20,702","26,454","66,416","8,137","318,425",7.8%,2.87
 ,,,,,,,,,,, ,
County Total,"1,515,015","1,492,536","22,479","567,281","366,448","34,774","45,019","106,177","14,863","522,645",7.9%,2.86
,,,,,,,,,,, ,
,,,,,,,,,,, ,
San Benito County,,,,,,,,,,, ,
Hollister           ,"38,473","38,239",234,"10,943","8,026",319,"1,242",995,361,"10,335",5.6%,3.70
San Juan Bautista   ,"1,981","1,976",5,758,457,76,130,70,25,691,8.8%,2.86
,,,,,,,,,,, ,
Balance Of County    ,"19,618","19,449",169,"6,809","5,879",344,36,85,465,"6,349",6.8%,3.06
Incorporated,"40,454","40,215",239,"11,701","8,483",395,"1,372","1,065",386,"11,026",5.8%,3.65
 ,,,,,,,,,,, ,
County Total,"60,072","59,664",408,"18,510","14,362",739,"1,408","1,150",851,"17,375",6.1%,3.43
,,,,,,,,,,, ,
,,,,,,,,,,, ,
San Bernardino County,,,,,,,,,,, ,
Adelanto            ,"35,192","33,177","2,015","9,450","7,548",203,468,773,458,"8,391",11.2%,3.95
Apple Valley        ,"72,412","71,951",461,"26,690","20,433",856,"2,509","1,453","1,439","24,035",9.9%,2.99
Barstow             ,"24,037","23,645",392,"9,656","5,532",202,"1,326","1,742",854,"8,341",13.6%,2.84
Big Bear Lake       ,"5,334","5,308",26,"9,864","8,204",86,521,557,496,"2,260",77.1%,2.35
Chino               ,"86,950","81,437","5,513","24,361","16,904","1,195","1,469","4,194",599,"23,188",4.8%,3.51
Chino Hills         ,"79,892","79,737",155,"24,581","19,610",883,623,"2,838",627,"23,823",3.1%,3.35
Colton              ,"53,940","53,610",330,"16,452","9,652",564,"1,593","3,727",916,"15,055",8.5%,3.56
Fontana             ,"207,984","207,540",444,"53,998","43,132","1,231","2,126","5,961","1,548","50,658",6.2%,4.10
Grand Terrace       ,"12,564","12,451",113,"4,685","2,893",160,471,869,292,"4,468",4.6%,2.79
Hesperia            ,"94,233","94,205",28,"29,278","23,740",706,"1,504","1,818","1,510","26,850",8.3%,3.51
Highland            ,"54,940","54,768",172,"16,667","12,759",299,678,"1,976",955,"15,562",6.6%,3.52
Loma Linda          ,"24,001","23,277",724,"9,685","4,486",717,"1,229","2,596",657,"8,831",8.8%,2.64
Montclair           ,"38,990","38,594",396,"10,430","5,891",479,"1,081","2,083",896,"9,851",5.6%,3.92
Needles             ,"5,048","5,043",5,"2,894","1,937",60,262,243,392,"1,943",32.9%,2.60
Ontario             ,"172,168","171,314",854,"48,971","28,747","3,114","5,078","9,862","2,170","45,861",6.4%,3.74
Rancho Cucamonga    ,"177,662","174,732","2,930","59,188","36,947","3,685","2,757","14,259","1,540","56,972",3.7%,3.07
Redlands            ,"71,236","68,868","2,368","26,903","17,148","1,202","3,136","4,331","1,086","24,977",7.2%,2.76
Rialto              ,"106,272","105,825",447,"27,466","19,618",739,"1,660","3,703","1,746","26,264",4.4%,4.03
San Bernardino      ,"218,514","211,595","6,919","65,676","39,437","1,917","5,105","15,011","4,206","60,191",8.4%,3.52
Twentynine Palms    ,"26,741","22,830","3,911","9,676","5,825",775,"2,181",588,307,"8,346",13.7%,2.74
Upland              ,"78,001","77,319",682,"27,746","15,931","1,762","2,894","6,294",865,"26,570",4.2%,2.91
Victorville         ,"125,338","120,712","4,626","37,709","29,853",288,"1,716","4,103","1,749","34,483",8.6%,3.50
Yucaipa             ,"54,003","53,449",554,"20,089","13,770",550,734,588,"4,447","18,644",7.2%,2.87
Yucca Valley        ,"21,859","21,640",219,"9,700","7,473",299,702,470,756,"8,500",12.4%,2.55
,,,,,,,,,,, ,
Balance Of County    ,"308,804","305,121","3,683","133,819","111,247","2,926","4,079","2,247","13,320","97,069",27.5%,3.14
Incorporated,"1,847,311","1,813,027","34,284","581,815","397,470","21,972","41,823","90,039","30,511","534,064",8.2%,3.39
 ,,,,,,,,,,, ,
County Total,"2,156,115","2,118,148","37,967","715,634","508,717","24,898","45,902","92,286","43,831","631,133",11.8%,3.36
,,,,,,,,,,, ,
,,,,,,,,,,, ,
San Diego County,,,,,,,,,,, ,
Carlsbad            ,"114,065","113,150",915,"46,566","24,726","7,808","2,572","10,180","1,280","43,137",7.4%,2.62
Chula Vista         ,"265,523","263,865","1,658","83,406","45,117","8,418","4,764","21,042","4,065","79,213",5.0%,3.33
Coronado            ,"24,514","17,948","6,566","9,711","4,429","1,036",655,"3,588",3,"7,492",22.9%,2.40
Del Mar             ,"4,385","4,385",0,"2,606","1,337",517,199,553,0,"2,094",19.6%,2.09
El Cajon            ,"104,855","102,373","2,482","36,046","14,792","1,754","2,837","14,756","1,907","34,685",3.8%,2.95
Encinitas           ,"62,992","62,464",528,"26,349","15,247","4,963","1,814","3,647",678,"24,551",6.8%,2.54
Escondido           ,"152,168","149,959","2,209","48,463","24,606","2,994","3,342","13,762","3,759","46,314",4.4%,3.24
Imperial Beach      ,"27,141","26,657",484,"9,942","3,919",770,"1,199","3,736",318,"9,097",8.5%,2.93
La Mesa             ,"60,499","59,842",657,"26,759","12,590","1,596","2,412","9,979",182,"25,036",6.4%,2.39
Lemon Grove         ,"26,959","26,613",346,"9,087","5,997",795,661,"1,554",80,"8,653",4.8%,3.08
National City       ,"61,452","55,895","5,557","17,103","7,477","1,619","1,580","5,988",439,"15,791",7.7%,3.54
Oceanside           ,"176,806","175,870",936,"65,166","34,470","7,596","5,624","14,214","3,262","60,370",7.4%,2.91
Poway               ,"50,083","49,533",550,"16,878","12,663",686,403,"2,305",821,"16,274",3.6%,3.04
San Diego           ,"1,396,510","1,343,463","53,047","535,179","240,495","46,716","44,771","196,450","6,747","497,642",7.0%,2.70
San Marcos          ,"95,004","93,312","1,692","31,020","16,091","2,219","1,207","8,174","3,329","29,465",5.0%,3.17
Santee              ,"56,991","55,859","1,132","20,566","11,300","1,863","1,237","3,846","2,320","19,795",3.7%,2.82
Solana Beach        ,"13,847","13,847",0,"6,554","3,128","1,272",405,"1,737",12,"5,854",10.7%,2.37
Vista               ,"101,605","99,546","2,059","32,473","15,984","2,423","2,328","9,855","1,883","30,611",5.7%,3.25
,,,,,,,,,,, ,
Balance Of County    ,"514,227","488,746","25,481","177,643","121,760","10,491","8,271","22,190","14,931","163,841",7.8%,2.98
Incorporated,"2,795,399","2,714,581","80,818","1,023,874","494,368","95,045","78,010","325,366","31,085","956,074",6.6%,2.84
 ,,,,,,,,,,, ,
County Total,"3,309,626","3,203,327","106,299","1,201,517","616,128","105,536","86,281","347,556","46,016","1,119,915",6.8%,2.86
,,,,,,,,,,, ,
,,,,,,,,,,, ,
San Francisco County,,,,,,,,,,, ,
San Francisco       ,"873,352","847,624","25,728","392,619","65,853","59,605","81,321","185,238",602,"359,839",8.3%,2.36
,,,,,,,,,,, ,
,,,,,,,,,,, ,
San Joaquin County,,,,,,,,,,, ,
Escalon             ,"7,656","7,641",15,"2,646","2,255",11,128,84,168,"2,505",5.3%,3.05
Lathrop             ,"22,821","22,809",12,"6,313","5,714",108,42,71,378,"5,702",9.7%,4.00
Lodi                ,"65,981","65,304",677,"23,920","15,129","1,444","1,846","5,062",439,"22,123",7.5%,2.95
Manteca             ,"78,965","78,470",495,"25,765","20,091","1,136","1,068","2,673",797,"23,999",6.9%,3.27
Ripon               ,"16,012","15,922",90,"5,361","4,374",317,200,457,13,"5,126",4.4%,3.11
Stockton            ,"312,289","304,080","8,209","100,254","64,997","7,149","8,994","18,006","1,108","90,778",9.5%,3.35
Tracy               ,"89,127","88,811",316,"26,496","21,595",877,"1,590","1,966",468,"24,647",7.0%,3.60
,,,,,,,,,,, ,
Balance Of County    ,"154,728","149,427","5,301","50,266","41,608","1,326","1,034",982,"5,316","46,149",8.2%,3.24
Incorporated,"592,851","583,037","9,814","190,755","134,155","11,042","13,868","28,319","3,371","174,880",8.3%,3.33
 ,,,,,,,,,,, ,
County Total,"747,579","732,464","15,115","241,021","175,763","12,368","14,902","29,301","8,687","221,029",8.3%,3.31
,,,,,,,,,,, ,
,,,,,,,,,,, ,
San Luis Obispo County,,,,,,,,,,, ,
Arroyo Grande       ,"17,876","17,702",174,"7,759","5,273",643,362,886,595,"7,317",5.7%,2.42
Atascadero          ,"30,399","28,906","1,493","12,106","8,536",537,"1,072","1,428",533,"11,456",5.4%,2.52
El Paso De Robles   ,"31,267","30,998",269,"11,837","8,395",813,955,"1,380",294,"11,291",4.6%,2.75
Grover Beach        ,"13,677","13,488",189,"5,807","3,431",740,879,549,208,"5,295",8.8%,2.55
Morro Bay           ,"10,532","10,371",161,"6,441","4,604",372,449,528,488,"4,968",22.9%,2.09
Pismo Beach         ,"8,243","8,230",13,"5,760","3,348",618,520,514,760,"4,114",28.6%,2.00
San Luis Obispo     ,"46,705","45,523","1,182","21,140","9,763","1,387","2,695","5,812","1,483","19,809",6.3%,2.30
,,,,,,,,,,, ,
Balance Of County    ,"120,839","108,572","12,267","50,199","38,818","1,487","2,247","1,274","6,373","41,859",16.6%,2.59
Incorporated,"158,699","155,218","3,481","70,850","43,350","5,110","6,932","11,097","4,361","64,250",9.3%,2.42
 ,,,,,,,,,,, ,
County Total,"279,538","263,790","15,748","121,049","82,168","6,597","9,179","12,371","10,734","106,109",12.3%,2.49
,,,,,,,,,,, ,
,,,,,,,,,,, ,
San Mateo County,,,,,,,,,,, ,
Atherton            ,"7,023","6,638",385,"2,466","2,441",25,0,0,0,"2,264",8.2%,2.93
Belmont             ,"27,156","26,642",514,"11,070","6,433",660,333,"3,644",0,"10,639",3.9%,2.50
Brisbane            ,"4,668","4,652",16,"2,022","1,185",235,210,326,66,"1,900",6.0%,2.45
Burlingame          ,"30,306","29,857",449,"13,114","6,298",575,879,"5,349",13,"12,444",5.1%,2.40
Colma               ,"1,504","1,497",7,446,205,113,88,30,10,432,3.1%,3.47
Daly City           ,"108,393","107,712",681,"33,087","15,914","4,787","3,756","8,083",547,"31,885",3.6%,3.38
East Palo Alto      ,"30,362","30,208",154,"7,860","4,260",320,267,"2,865",148,"7,159",8.9%,4.22
Foster City         ,"32,944","32,835",109,"12,840","4,663","2,636",907,"4,634",0,"12,385",3.5%,2.65
Half Moon Bay       ,"12,438","12,420",18,"4,668","2,806",562,273,494,533,"4,359",6.6%,2.85
Hillsborough        ,"11,643","11,643",0,"4,037","3,905",120,12,0,0,"3,797",5.9%,3.07
Menlo Park          ,"35,408","34,624",784,"13,921","7,280","1,087","1,725","3,801",28,"13,109",5.8%,2.64
Millbrae            ,"23,061","22,746",315,"8,620","5,379",293,285,"2,630",33,"8,197",4.9%,2.78
Pacifica            ,"38,743","38,561",182,"14,510","10,357",948,806,"2,301",98,"13,899",4.2%,2.77
Portola Valley      ,"4,651","4,607",44,"1,914","1,552",0,38,324,0,"1,784",6.8%,2.58
Redwood City        ,"84,273","82,842","1,431","30,661","14,005","4,073","1,878","10,073",632,"29,422",4.0%,2.82
San Bruno           ,"45,258","44,860",398,"16,062","9,038",611,877,"5,536",0,"15,488",3.6%,2.90
San Carlos          ,"29,794","29,703",91,"12,063","8,339",537,561,"2,594",32,"11,559",4.2%,2.57
San Mateo           ,"103,769","102,453","1,316","40,953","18,330","4,113","2,500","15,954",56,"39,061",4.6%,2.62
South San Francisco ,"66,990","66,411",579,"21,995","13,118","2,802","1,340","4,404",331,"21,087",4.1%,3.15
Woodside            ,"5,614","5,614",0,"2,197","2,096",60,26,0,15,"2,008",8.6%,2.80
,,,,,,,,,,, ,
Balance Of County    ,"65,572","63,710","1,862","22,683","18,540",799,784,"1,934",626,"21,230",6.4%,3.00
Incorporated,"703,998","696,525","7,473","254,506","137,604","24,557","16,761","73,042","2,542","242,878",4.6%,2.87
 ,,,,,,,,,,, ,
County Total,"769,570","760,235","9,335","277,189","156,144","25,356","17,545","74,976","3,168","264,108",4.7%,2.88
,,,,,,,,,,, ,
,,,,,,,,,,, ,
Santa Barbara County,,,,,,,,,,, ,
Buellton            ,"5,137","5,137",0,"1,926","1,244",89,13,176,404,"1,830",5.0%,2.81
Carpinteria         ,"13,788","13,769",19,"5,604","2,197",423,670,"1,466",848,"4,913",12.3%,2.80
Goleta,"31,902","31,701",201,"11,979","5,420","1,060","1,052","3,826",621,"11,368",5.1%,2.79
Guadalupe           ,"7,392","7,392",0,"1,916","1,323",186,215,183,9,"1,843",3.8%,4.01
Lompoc              ,"43,793","40,723","3,070","14,674","7,946",763,"2,118","2,867",980,"13,691",6.7%,2.97
Santa Barbara       ,"92,973","91,346","1,627","38,509","18,061","3,408","5,579","11,071",390,"36,426",5.4%,2.51
Santa Maria         ,"105,936","104,929","1,007","29,498","18,350","1,355","2,538","5,706","1,549","27,970",5.2%,3.75
Solvang             ,"5,763","5,708",55,"2,669","1,543",199,262,529,136,"2,334",12.6%,2.45
,,,,,,,,,,, ,
Balance Of County    ,"143,139","129,729","13,410","50,803","35,720","3,008","2,657","6,301","3,117","46,703",8.1%,2.78
Incorporated,"306,684","300,705","5,979","106,775","56,084","7,483","12,447","25,824","4,937","100,375",6.0%,3.00
 ,,,,,,,,,,, ,
County Total,"449,823","430,434","19,389","157,578","91,804","10,491","15,104","32,125","8,054","147,078",6.7%,2.93
,,,,,,,,,,, ,
,,,,,,,,,,, ,
Santa Clara County,,,,,,,,,,, ,
Campbell            ,"42,647","42,446",201,"17,832","8,158","2,262","2,022","5,074",316,"16,876",5.4%,2.52
Cupertino           ,"60,213","59,876",337,"21,064","12,071","2,565","2,006","4,422",0,"20,075",4.7%,2.98
Gilroy              ,"55,160","54,354",806,"16,258","11,347",887,"1,709","1,998",317,"15,451",5.0%,3.52
Los Altos           ,"31,270","31,043",227,"11,660","9,444",561,245,"1,410",0,"11,170",4.2%,2.78
Los Altos Hills     ,"8,608","8,555",53,"3,108","3,054",13,0,14,27,"2,962",4.7%,2.89
Los Gatos           ,"30,992","30,642",350,"13,289","7,783","1,779","1,225","2,438",64,"12,541",5.6%,2.44
Milpitas            ,"74,721","72,238","2,483","21,532","11,970","3,445","1,468","4,230",419,"20,818",3.3%,3.47
Monte Sereno        ,"3,576","3,576",0,"1,311","1,269",23,0,19,0,"1,248",4.8%,2.87
Morgan Hill         ,"43,934","43,548",386,"14,415","8,741","2,389",816,"1,241","1,228","13,785",4.4%,3.16
Mountain View       ,"80,484","80,214",270,"35,595","10,578","4,286","3,077","16,588","1,066","33,444",6.0%,2.40
Palo Alto           ,"69,397","68,880",517,"29,124","16,471","1,231","1,883","9,440",99,"27,532",5.5%,2.50
San Jose            ,"1,038,271","1,024,583","13,688","332,574","176,667","32,283","23,211","89,454","10,959","318,794",4.1%,3.21
Santa Clara         ,"125,167","121,971","3,196","46,535","19,396","4,410","4,993","17,690",46,"44,607",4.1%,2.73
Saratoga            ,"31,364","31,165",199,"11,226","9,435",768,371,652,0,"10,834",3.5%,2.88
Sunnyvale           ,"151,856","151,007",849,"58,308","21,677","5,356","4,990","22,429","3,856","55,751",4.4%,2.71
,,,,,,,,,,, ,
Balance Of County    ,"88,392","81,514","6,878","28,044","21,668","1,064","1,115","3,620",577,"26,470",5.6%,3.08
Incorporated,"1,847,660","1,824,098","23,562","633,831","328,061","62,258","48,016","177,099","18,397","605,888",4.4%,3.01
 ,,,,,,,,,,, ,
County Total,"1,936,052","1,905,612","30,440","661,875","349,729","63,322","49,131","180,719","18,974","632,358",4.5%,3.01
,,,,,,,,,,, ,
,,,,,,,,,,, ,
Santa Cruz County,,,,,,,,,,, ,
Capitola            ,"10,355","10,207",148,"5,544","1,653",605,"1,395","1,118",773,"4,691",15.4%,2.18
Santa Cruz          ,"65,662","54,328","11,334","23,693","13,134","2,583","2,601","5,026",349,"22,113",6.7%,2.46
Scotts Valley       ,"12,199","11,927",272,"4,694","2,581",574,393,381,765,"4,532",3.5%,2.63
Watsonville         ,"53,419","52,891",528,"14,159","7,391","1,299","1,659","2,680","1,130","13,711",3.2%,3.86
,,,,,,,,,,, ,
Balance Of County    ,"134,861","133,029","1,832","57,411","41,771","4,424","3,621","3,692","3,903","50,567",11.9%,2.63
Incorporated,"141,635","129,353","12,282","48,090","24,759","5,061","6,048","9,205","3,017","45,047",6.3%,2.87
 ,,,,,,,,,,, ,
County Total,"276,496","262,382","14,114","105,501","66,530","9,485","9,669","12,897","6,920","95,614",9.4%,2.74
,,,,,,,,,,, ,
,,,,,,,,,,, ,
Shasta County,,,,,,,,,,, ,
Anderson            ,"10,271","10,259",12,"4,421","2,664",215,548,780,214,"4,153",6.1%,2.47
Redding             ,"91,544","89,267","2,277","39,557","25,302","1,697","4,659","5,384","2,515","37,385",5.5%,2.39
Shasta Lake         ,"10,072","10,055",17,"4,209","3,206",115,157,164,567,"3,978",5.5%,2.53
,,,,,,,,,,, ,
Balance Of County    ,"66,414","65,859",555,"30,350","23,213",712,450,485,"5,490","26,488",12.7%,2.49
Incorporated,"111,887","109,581","2,306","48,187","31,172","2,027","5,364","6,328","3,296","45,516",5.5%,2.41
 ,,,,,,,,,,, ,
County Total,"178,301","175,440","2,861","78,537","54,385","2,739","5,814","6,813","8,786","72,004",8.3%,2.44
,,,,,,,,,,, ,
,,,,,,,,,,, ,
Sierra County,,,,,,,,,,, ,
Loyalton            ,756,725,31,370,348,3,0,0,19,312,15.7%,2.32
,,,,,,,,,,, ,
Balance Of County    ,"2,461","2,459",2,"1,974","1,761",25,33,73,82,"1,212",38.6%,2.03
Incorporated,756,725,31,370,348,3,0,0,19,312,15.7%,2.32
 ,,,,,,,,,,, ,
County Total,"3,217","3,184",33,"2,344","2,109",28,33,73,101,"1,524",35.0%,2.09
,,,,,,,,,,, ,
,,,,,,,,,,, ,
Siskiyou County,,,,,,,,,,, ,
Dorris              ,919,919,0,416,321,2,16,0,77,364,12.5%,2.53
Dunsmuir            ,"1,595","1,595",0,"1,104",694,29,117,251,13,755,31.6%,2.11
Etna                ,727,721,6,361,287,0,9,13,52,326,9.7%,2.21
Fort Jones          ,702,702,0,348,243,11,34,2,58,309,11.2%,2.27
Montague            ,"1,419","1,401",18,632,404,7,58,63,100,582,7.9%,2.41
Mount Shasta        ,"3,298","3,262",36,"1,896","1,196",37,400,233,30,"1,657",12.6%,1.97
Tulelake            ,999,999,0,437,298,2,42,18,77,352,19.5%,2.84
Weed                ,"2,758","2,585",173,"1,168",835,71,103,119,40,"1,062",9.1%,2.43
Yreka               ,"7,639","7,501",138,"3,673","2,237",159,449,656,172,"3,381",7.9%,2.22
,,,,,,,,,,, ,
Balance Of County    ,"24,575","24,380",195,"14,053","10,176",254,299,363,"2,961","11,046",21.4%,2.21
Incorporated,"20,056","19,685",371,"10,035","6,515",318,"1,228","1,355",619,"8,788",12.4%,2.24
 ,,,,,,,,,,, ,
County Total,"44,631","44,065",566,"24,088","16,691",572,"1,527","1,718","3,580","19,834",17.7%,2.22
,,,,,,,,,,, ,
,,,,,,,,,,, ,
Solano County,,,,,,,,,,, ,
Benicia             ,"27,600","27,574",26,"11,332","7,473",848,"1,162","1,611",238,"10,655",6.0%,2.59
Dixon               ,"19,354","19,353",1,"6,389","4,876",269,414,782,48,"6,024",5.7%,3.21
Fairfield           ,"115,311","112,698","2,613","39,237","27,412","2,471","2,015","6,340",999,"36,926",5.9%,3.05
Rio Vista           ,"8,812","8,809",3,"4,546","3,998",203,25,141,179,"4,033",11.3%,2.18
Suisun City         ,"29,320","29,276",44,"9,514","7,921",249,382,778,184,"9,071",4.7%,3.23
Vacaville           ,"97,295","90,371","6,924","34,317","24,625","1,103","2,257","5,196","1,136","32,467",5.4%,2.78
Vallejo             ,"119,555","117,576","1,979","44,706","30,009","1,342","4,856","7,141","1,358","40,697",9.0%,2.89
,,,,,,,,,,, ,
Balance Of County    ,"19,554","19,378",176,"7,514","6,541",314,156,56,447,"6,805",9.4%,2.85
Incorporated,"417,247","405,657","11,590","150,041","106,314","6,485","11,111","21,989","4,142","139,873",6.8%,2.90
 ,,,,,,,,,,, ,
County Total,"436,801","425,035","11,766","157,555","112,855","6,799","11,267","22,045","4,589","146,678",6.9%,2.90
,,,,,,,,,,, ,
,,,,,,,,,,, ,
Sonoma County,,,,,,,,,,, ,
Cloverdale          ,"9,003","8,915",88,"3,459","2,598",279,91,348,143,"3,244",6.2%,2.75
Cotati              ,"7,497","7,487",10,"3,150","1,444",579,446,556,125,"2,997",4.9%,2.50
Healdsburg          ,"11,943","11,888",55,"4,937","3,684",205,492,486,70,"4,532",8.2%,2.62
Petaluma            ,"61,124","60,400",724,"23,342","16,608","1,723","1,470","2,774",767,"22,376",4.1%,2.70
Rohnert Park        ,"42,034","41,991",43,"16,597","7,583","1,490","1,291","4,683","1,550","15,952",3.9%,2.63
Santa Rosa          ,"176,790","173,335","3,455","69,114","41,164","5,919","6,042","12,921","3,068","65,375",5.4%,2.65
Sebastopol          ,"7,666","7,537",129,"3,495","2,213",330,383,500,69,"3,320",5.0%,2.27
Sonoma              ,"11,185","10,948",237,"5,658","3,154",575,541,904,484,"5,081",10.2%,2.16
Windsor             ,"27,836","27,785",51,"9,660","7,592",575,175,684,634,"9,086",5.9%,3.06
,,,,,,,,,,, ,
Balance Of County    ,"149,781","144,164","5,617","68,641","56,111","2,856","2,622","2,518","4,534","57,070",16.9%,2.53
Incorporated,"355,078","350,286","4,792","139,412","86,040","11,675","10,931","23,856","6,910","131,963",5.3%,2.65
 ,,,,,,,,,,, ,
County Total,"504,859","494,450","10,409","208,053","142,151","14,531","13,553","26,374","11,444","189,033",9.1%,2.62
,,,,,,,,,,, ,
,,,,,,,,,,, ,
Stanislaus County,,,,,,,,,,, ,
Ceres               ,"48,786","48,433",353,"13,807","10,494",716,656,"1,185",756,"12,796",7.3%,3.79
Hughson             ,"7,696","7,677",19,"2,398","2,044",18,42,233,61,"2,251",6.1%,3.41
Modesto             ,"212,276","209,321","2,955","75,816","52,706","3,236","7,862","9,882","2,130","68,459",9.7%,3.06
Newman              ,"11,221","11,155",66,"3,527","2,896",142,163,326,0,"3,095",12.2%,3.60
Oakdale             ,"22,998","22,811",187,"8,185","6,351",452,452,609,321,"7,612",7.0%,3.00
Patterson           ,"23,123","23,120",3,"6,465","5,693",178,160,301,133,"5,982",7.5%,3.87
Riverbank           ,"24,836","24,668",168,"7,287","6,201",250,160,380,296,"6,763",7.2%,3.65
Turlock             ,"73,735","72,361","1,374","24,896","17,274","1,563","1,651","3,783",625,"22,953",7.8%,3.15
Waterford           ,"8,988","8,965",23,"2,666","2,119",61,111,363,12,"2,451",8.1%,3.66
,,,,,,,,,,, ,
Balance Of County    ,"116,238","114,753","1,485","36,327","29,609",871,"1,134",430,"4,283","33,189",8.6%,3.46
Incorporated,"433,659","428,511","5,148","145,047","105,778","6,616","11,257","17,062","4,334","132,362",8.7%,3.24
 ,,,,,,,,,,, ,
County Total,"549,897","543,264","6,633","181,374","135,387","7,487","12,391","17,492","8,617","165,551",8.7%,3.28
,,,,,,,,,,, ,
,,,,,,,,,,, ,
Sutter County,,,,,,,,,,, ,
Live Oak            ,"8,783","8,667",116,"2,694","1,930",241,132,284,107,"2,523",6.3%,3.44
Yuba City           ,"67,153","66,573",580,"23,672","15,621",930,"1,927","4,240",954,"22,200",6.2%,3.00
,,,,,,,,,,, ,
Balance Of County    ,"20,967","20,907",60,"7,973","6,926",275,158,154,460,"7,363",7.7%,2.84
Incorporated,"75,936","75,240",696,"26,366","17,551","1,171","2,059","4,524","1,061","24,723",6.2%,3.04
 ,,,,,,,,,,, ,
County Total,"96,903","96,147",756,"34,339","24,477","1,446","2,217","4,678","1,521","32,086",6.6%,3.00
,,,,,,,,,,, ,
,,,,,,,,,,, ,
Tehama County,,,,,,,,,,, ,
Corning             ,"7,574","7,549",25,"2,864","1,804",45,298,598,119,"2,628",8.2%,2.87
Red Bluff           ,"14,173","13,712",461,"5,943","3,628",111,814,921,469,"5,465",8.0%,2.51
Tehama              ,418,418,0,196,150,13,12,11,10,167,14.8%,2.50
,,,,,,,,,,, ,
Balance Of County    ,"41,851","41,490",361,"18,533","12,108",280,260,204,"5,681","15,983",13.8%,2.60
Incorporated,"22,165","21,679",486,"9,003","5,582",169,"1,124","1,530",598,"8,260",8.3%,2.62
 ,,,,,,,,,,, ,
County Total,"64,016","63,169",847,"27,536","17,690",449,"1,384","1,734","6,279","24,243",12.0%,2.61
,,,,,,,,,,, ,
,,,,,,,,,,, ,
Trinity County,,,,,,,,,,, ,
County Total,"13,647","13,267",380,"8,795","5,848",117,347,269,"2,214","6,049",31.2%,2.19
,,,,,,,,,,, ,
,,,,,,,,,,, ,
Tulare County,,,,,,,,,,, ,
Dinuba              ,"24,735","24,573",162,"6,602","4,886",135,620,664,297,"6,349",3.8%,3.87
Exeter              ,"10,922","10,849",73,"3,656","2,828",212,291,162,163,"3,514",3.9%,3.09
Farmersville        ,"11,297","11,297",0,"2,804","2,251",110,204,159,80,"2,724",2.9%,4.15
Lindsay             ,"12,953","12,857",96,"3,445","2,335",150,279,538,143,"3,265",5.2%,3.94
Porterville         ,"59,563","58,635",928,"17,939","12,065","1,213","1,946","1,645","1,070","17,017",5.1%,3.45
Tulare              ,"64,161","63,883",278,"20,087","15,811",424,"1,888","1,352",612,"18,873",6.0%,3.39
Visalia             ,"134,207","132,835","1,372","46,812","35,538","1,474","5,162","3,034","1,604","43,880",6.3%,3.03
Woodlake            ,"7,753","7,753",0,"2,171","1,453",156,139,365,58,"2,060",5.1%,3.76
,,,,,,,,,,, ,
Balance Of County    ,"145,114","143,219","1,895","44,573","35,018",53,"1,718","1,187","6,597","39,007",12.5%,3.67
Incorporated,"325,591","322,682","2,909","103,516","77,167","3,874","10,529","7,919","4,027","97,682",5.6%,3.30
 ,,,,,,,,,,, ,
County Total,"470,705","465,901","4,804","148,089","112,185","3,927","12,247","9,106","10,624","136,689",7.7%,3.41
,,,,,,,,,,, ,
,,,,,,,,,,, ,
Tuolumne County,,,,,,,,,,, ,
Sonora              ,"4,885","4,583",302,"2,461","1,410",87,354,588,22,"2,189",11.1%,2.09
,,,,,,,,,,, ,
Balance Of County    ,"49,818","46,604","3,214","29,016","23,665",207,876,840,"3,428","20,140",30.6%,2.31
Incorporated,"4,885","4,583",302,"2,461","1,410",87,354,588,22,"2,189",11.1%,2.09
 ,,,,,,,,,,, ,
County Total,"54,703","51,187","3,516","31,477","25,075",294,"1,230","1,428","3,450","22,329",29.1%,2.29
,,,,,,,,,,, ,
,,,,,,,,,,, ,
Ventura County,,,,,,,,,,, ,
Camarillo           ,"68,207","67,796",411,"26,628","15,971","4,517","1,039","4,081","1,020","25,337",4.8%,2.68
Fillmore            ,"15,701","15,535",166,"4,555","3,348",232,350,239,386,"4,294",5.7%,3.62
Moorpark            ,"36,550","36,550",0,"11,255","8,212","1,518",205,"1,177",143,"10,986",2.4%,3.33
Ojai                ,"7,717","7,537",180,"3,431","2,366",320,430,315,0,"3,178",7.4%,2.37
Oxnard              ,"208,987","207,553","1,434","54,985","30,544","5,778","3,833","12,215","2,615","51,916",5.6%,4.00
Port Hueneme        ,"23,182","22,422",760,"8,276","2,690","2,371",953,"2,253",9,"7,556",8.7%,2.97
San Buenaventura    ,"110,092","108,133","1,959","44,014","24,609","4,819","3,341","8,872","2,373","41,516",5.7%,2.61
Santa Paula         ,"30,915","30,782",133,"8,996","5,218",716,897,"1,325",840,"8,687",3.4%,3.54
Simi Valley         ,"127,166","126,506",660,"42,893","31,193","3,327","2,038","5,574",761,"41,659",2.9%,3.04
Thousand Oaks       ,"129,949","128,207","1,742","47,967","32,499","5,397","1,907","6,961","1,203","46,415",3.2%,2.76
,,,,,,,,,,, ,
Balance Of County    ,"97,507","93,612","3,895","35,074","28,111","2,275",960,"1,726","2,002","31,920",9.0%,2.93
Incorporated,"758,466","751,021","7,445","253,000","156,650","28,995","14,993","43,012","9,350","241,544",4.5%,3.11
 ,,,,,,,,,,, ,
County Total,"855,973","844,633","11,340","288,074","184,761","31,270","15,953","44,738","11,352","273,464",5.1%,3.09
,,,,,,,,,,, ,
,,,,,,,,,,, ,
Yolo County,,,,,,,,,,, ,
Davis               ,"68,330","66,863","1,467","26,366","12,475","2,335","3,177","7,892",487,"25,355",3.8%,2.64
West Sacramento     ,"53,153","52,815",338,"19,746","12,250","1,015","1,263","3,710","1,508","18,409",6.8%,2.87
Winters             ,"7,275","7,269",6,"2,418","1,762",109,183,276,88,"2,325",3.8%,3.13
Woodland            ,"59,603","58,752",851,"20,517","13,174","1,135","1,673","3,997",538,"19,553",4.7%,3.01
,,,,,,,,,,, ,
Balance Of County    ,"30,329","20,449","9,880","7,402","5,881",201,275,124,921,"7,014",5.2%,2.92
Incorporated,"188,361","185,699","2,662","69,047","39,661","4,594","6,296","15,875","2,621","65,642",4.9%,2.83
 ,,,,,,,,,,, ,
County Total,"218,690","206,148","12,542","76,449","45,542","4,795","6,571","15,999","3,542","72,656",5.0%,2.84
,,,,,,,,,,, ,
,,,,,,,,,,, ,
Yuba County,,,,,,,,,,, ,
Marysville          ,"12,389","11,742",647,"5,210","3,163",110,901,981,55,"4,811",7.7%,2.44
Wheatland           ,"3,636","3,636",0,"1,339",968,25,248,63,35,"1,284",4.1%,2.83
,,,,,,,,,,, ,
Balance Of County    ,"60,151","59,480",671,"21,756","15,641",410,"1,520","1,305","2,880","19,528",10.2%,3.05
Incorporated,"16,025","15,378",647,"6,549","4,131",135,"1,149","1,044",90,"6,095",6.9%,2.52
 ,,,,,,,,,,, ,
County Total,"76,176","74,858","1,318","28,305","19,772",545,"2,669","2,349","2,970","25,623",9.5%,2.92
,,,,,,,,,,, ,
,,,,,,,,,,, ,
California,,,,,,,,,,, ,
Incorporated Total,"32,934,107","32,262,434","671,673","11,605,852","6,290,287","884,845","1,016,075","3,087,496","327,149","10,802,685",6.9%,2.99
Balance Of State Total,"6,570,502","6,400,262","170,240","2,466,456","1,838,882","96,478","110,385","186,273","234,438","2,147,056",12.9%,2.98
 ,,,,,,,,,,, ,
State Total,"39,504,609","38,662,696","841,913","14,072,308","8,129,169","981,323","1,126,460","3,273,769","561,587","12,949,741",8.0%,2.99
